run,method,type,n_companies,n_positive,positive_rate,pr_auc_mean,pr_auc_std,roc_auc_mean,roc_auc_std,folds_scored,accuracy_at_0_5,hits@50,precision@50,recall@50,lift@50,hits@100,precision@100,recall@100,lift@100,hits@500,precision@500,recall@500,lift@500,hits@1000,precision@1000,recall@1000,lift@1000
main,logistic_regression,model,406715,52,0.0001278536567375189,0.00019233719820372608,7.29999069059566e-05,0.513285585094697,0.15715945596938774,5,0.7624405296091858,0,0.0,0.0,0.0,0,0.0,0.0,0.0,0,0.0,0.0,0.0,0,0.0,0.0,0.0
main,random_forest,model,406715,52,0.0001278536567375189,0.00019971899953283713,5.2537369143326355e-05,0.5395374289645242,0.13481051523675353,5,0.9059587180212187,0,0.0,0.0,0.0,0,0.0,0.0,0.0,0,0.0,0.0,0.0,0,0.0,0.0,0.0
main,random,baseline,406715,52,0.0001278536567375189,0.00016645171401651954,8.364778565105209e-05,0.5063849203666522,0.05742962620332676,5,,0,0.0,0.0,0.0,0,0.0,0.0,0.0,0,0.0,0.0,0.0,0,0.0,0.0,0.0
main,rule_neighbour_then_address,baseline,406715,52,0.0001278536567375189,0.0003188108453242773,0.0004520846621141902,0.4976209162922238,0.12462688169906064,5,,0,0.0,0.0,0.0,0,0.0,0.0,0.0,0,0.0,0.0,0.0,0,0.0,0.0,0.0
main,rule_address,baseline,406715,52,0.0001278536567375189,0.00031922493184886625,0.0004530072343105737,0.49762894416002207,0.12464139393836195,5,,0,0.0,0.0,0.0,0,0.0,0.0,0.0,0,0.0,0.0,0.0,0,0.0,0.0,0.0
pep_only,logistic_regression,model,406709,46,0.00011310298026352995,0.0001970834252057959,0.00015222017316806778,0.48192304449360035,0.16685894458521858,5,0.7681216791366801,0,0.0,0.0,0.0,0,0.0,0.0,0.0,0,0.0,0.0,0.0,0,0.0,0.0,0.0
pep_only,random_forest,model,406709,46,0.00011310298026352995,0.00021095874337932226,0.00015545813870207795,0.49314546672283877,0.15027855251405406,5,0.908108746056763,0,0.0,0.0,0.0,0,0.0,0.0,0.0,0,0.0,0.0,0.0,0,0.0,0.0,0.0
pep_only,random,baseline,406709,46,0.00011310298026352995,0.0002456632268684062,0.0002953650676956937,0.4084435662912106,0.07643722082071461,5,,0,0.0,0.0,0.0,0,0.0,0.0,0.0,0,0.0,0.0,0.0,0,0.0,0.0,0.0
pep_only,rule_neighbour_then_address,baseline,406709,46,0.00011310298026352995,0.0003129913962885911,0.00043951352884365717,0.5213889506800241,0.09432500296944012,5,,0,0.0,0.0,0.0,0,0.0,0.0,0.0,0,0.0,0.0,0.0,0,0.0,0.0,0.0
pep_only,rule_address,baseline,406709,46,0.00011310298026352995,0.0003132276550656951,0.00043996175438557625,0.5213954916215717,0.09433594319533949,5,,0,0.0,0.0,0.0,0,0.0,0.0,0.0,0,0.0,0.0,0.0,0,0.0,0.0,0.0
