company_number,psc_name,nationality,psc_birth_year,psc_birth_month,list_name,list_source,list_birth_date,tier,score,stratum,stratum_size,kind,seed_source,rule_used,psc_row_id,list_entity_id,is_correct
00854667,John Hemming,British,1960,3,John Hemming,pep,1960-03-16,strong,100.0,strong|pep,46,individual-person-with-significant-control,canonical,A,419836,Q673430,
02353266,Andrew Lloyd Webber,British,1948,3,Andrew Lloyd Webber,pep,1948-03-22,strong,100.0,strong|pep,46,individual-person-with-significant-control,canonical,A,445113,Q180975,
05579314,Gregory Stone,British,1946,12,Gregory Stone,pep,1946-12-12,strong,100.0,strong|pep,46,individual-person-with-significant-control,canonical,A,63479,Q106813518,
05707007,Michael Ashcroft,"Belizean,British",1946,3,Michael Ashcroft,pep,1946-03-04,strong,100.0,strong|pep,46,individual-person-with-significant-control,canonical,A,461935,Q335530,
06288117,David Edwards,British,1966,11,David Edwards,pep,1966-11-08,strong,100.0,strong|pep,46,individual-person-with-significant-control,canonical,A,161347,Q107370050,
07422301,John Stewart,British,1957,8,John Stewart,pep,1957-08-21,strong,100.0,strong|pep,46,individual-person-with-significant-control,canonical,A,26925,Q107084907,
07572901,Peter Caruana,British,1956,10,Peter Caruana,pep,1956-10-15,strong,100.0,strong|pep,46,individual-person-with-significant-control,canonical,A,296866,Q249192,
07984693,Paul Stephenson,British,1953,9,Paul Stephenson,pep,1953-09-26,strong,100.0,strong|pep,46,individual-person-with-significant-control,canonical,A,283083,Q9057041,
08042030,Peter Caruana,British,1956,10,Peter Caruana,pep,1956-10-15,strong,100.0,strong|pep,46,individual-person-with-significant-control,canonical,A,286254,Q249192,
08376306,Mark Pritchard,British,1966,11,Mark Pritchard,pep,1966-11-22,strong,100.0,strong|pep,46,individual-person-with-significant-control,canonical,A,107328,Q575183,
08415163,John Freeman,British,1951,3,John Freeman,pep,1951-03-25,strong,100.0,strong|pep,46,individual-person-with-significant-control,canonical,A,66596,Q56808524,
08840064,Andrew Lloyd Webber,British,1948,3,Andrew Lloyd Webber,pep,1948-03-22,strong,100.0,strong|pep,46,individual-person-with-significant-control,canonical,A,299624,Q180975,
08851435,Alison Harris,British,1965,7,Alison Harris,pep,1965-07-23,strong,100.0,strong|pep,46,individual-person-with-significant-control,canonical,A,396606,Q24039903,
08933913,Bernard Longley,British,1955,4,Bernard Longley,pep,1955-04-05,strong,100.0,strong|pep,46,individual-person-with-significant-control,canonical,A,145801,Q793617,
08955272,Alan Mak,British,1983,11,Alan Mak,pep,1983-11-19,strong,100.0,strong|pep,46,individual-person-with-significant-control,canonical,A,89268,Q19868483,
08976556,Stephen Smith,British,1960,6,Stephen Smith,pep,1960-06-30,strong,100.0,strong|pep,46,individual-person-with-significant-control,canonical,A,392331,Q107369535,
09012630,Paul Butler,British,1955,9,Paul Butler,pep,1955-09-18,strong,100.0,strong|pep,46,individual-person-with-significant-control,canonical,A,156560,Q2059064,
09044570,Peter Caruana,British,1956,10,Peter Caruana,pep,1956-10-15,strong,100.0,strong|pep,46,individual-person-with-significant-control,canonical,A,405095,Q249192,
09044611,Peter Caruana,British,1956,10,Peter Caruana,pep,1956-10-15,strong,100.0,strong|pep,46,individual-person-with-significant-control,canonical,A,405094,Q249192,
09132366,Alan Gemmell,British,1978,4,Alan Gemmell,pep,1978-04-06,strong,100.0,strong|pep,46,individual-person-with-significant-control,canonical,A,17351,Q24703078,
09442311,Libby Lane,British,1966,12,Libby Lane,pep,1966-12-08,strong,100.0,strong|pep,46,individual-person-with-significant-control,canonical,A,402064,Q18643416,
09643146,Gerard Sutcliffe,British,1953,5,Gerry Sutcliffe,pep,1953-05-13,strong,90.3,strong|pep,46,individual-person-with-significant-control,canonical,A,213693,Q328557,
09966307,David Ward,British,1968,6,David Ward,pep,1968-06-11,strong,100.0,strong|pep,46,individual-person-with-significant-control,canonical,A,110657,Q57313258,
10277215,Jack Dromey,British,1948,9,Jack Dromey,pep,1948-09-29,strong,100.0,strong|pep,46,individual-person-with-significant-control,canonical,A,237701,Q302244,
10295296,Ahmad Hussain,British,1981,11,Ahmad Hussain,pep,1981-11-09,strong,100.0,strong|pep,46,individual-person-with-significant-control,canonical,A,348091,Q18637467,
10624425,Daniel Francis,British,1976,12,Daniel Francis,pep,1976-12,strong,100.0,strong|pep,46,individual-person-with-significant-control,canonical,A,262815,Q109501223,
10924611,Peter Caruana,British,1956,10,Peter Caruana,pep,1956-10-15,strong,100.0,strong|pep,46,individual-person-with-significant-control,canonical,A,239312,Q249192,
10924660,Peter Caruana,British,1956,10,Peter Caruana,pep,1956-10-15,strong,100.0,strong|pep,46,individual-person-with-significant-control,canonical,A,340323,Q249192,
10934384,George Hollingbery,British,1963,10,George Hollingbery,pep,1963-10-12,strong,100.0,strong|pep,46,individual-person-with-significant-control,canonical,A,182104,Q689239,
11226714,Ian Walker,British,1976,12,Iain Walker,pep,1976-12-06,strong,95.2,strong|pep,46,individual-person-with-significant-control,canonical,A,366706,Q57313244,
11531410,Peter Caruana,British,1956,10,Peter Caruana,pep,1956-10-15,strong,100.0,strong|pep,46,individual-person-with-significant-control,canonical,A,405071,Q249192,
11531481,Peter Caruana,British,1956,10,Peter Caruana,pep,1956-10-15,strong,100.0,strong|pep,46,individual-person-with-significant-control,canonical,A,405072,Q249192,
11830753,John Wilson,British,1968,7,John Wilson,pep,1968-07-04,strong,100.0,strong|pep,46,individual-person-with-significant-control,canonical,A,353802,Q21540295,
12124227,Melanie Ward,Canadian,1981,2,Melanie Ward,pep,1981-02,strong,100.0,strong|pep,46,individual-person-with-significant-control,canonical,A,262391,Q125028729,
12203520,Peter Caruana,British,1956,10,Peter Caruana,pep,1956-10-15,strong,100.0,strong|pep,46,individual-person-with-significant-control,canonical,A,240325,Q249192,
12349340,Ian Austin,British,1965,3,Ian Austin,pep,1965-03-06,strong,100.0,strong|pep,46,individual-person-with-significant-control,canonical,A,48108,Q259935,
13242270,Shahid Malik,British,1967,11,Shahid Malik,pep,1967-11-24,strong,100.0,strong|pep,46,individual-person-with-significant-control,canonical,A,445358,Q5973251,
13550810,Mehmet Simsek,British,1967,1,Mehmet Şimşek,pep,1967-01-01,strong,100.0,strong|pep,46,individual-person-with-significant-control,canonical,A,243468,Q945364,
13551820,Luke Campbell,British,1987,9,Luke Campbell,pep,1987-09-27,strong,100.0,strong|pep,46,individual-person-with-significant-control,canonical,A,244414,Q957135,
13610871,Paul Scriven,British,1966,2,Paul Scriven,pep,1966-02-07,strong,100.0,strong|pep,46,individual-person-with-significant-control,canonical,A,311785,Q7153504,
SC064372,Nigel Griffiths,British,1955,5,Nigel Griffiths,pep,1955-05-20,strong,100.0,strong|pep,46,individual-person-with-significant-control,canonical,A,184922,Q7032412,
SC224191,Ian Murray,British,1976,8,Ian Murray,pep,1976-08-10,strong,100.0,strong|pep,46,individual-person-with-significant-control,canonical,A,143285,Q578432,
SC372765,Alan Brown,British,1970,8,Alan Brown,pep,1970-08-12,strong,100.0,strong|pep,46,individual-person-with-significant-control,canonical,A,321891,Q19883288,
SC447141,Caroline Wright,British,1959,8,Caroline Wright,pep,1959-08-10,strong,100.0,strong|pep,46,individual-person-with-significant-control,canonical,A,173786,Q105284788,
01067991,Vladislav Vladimirovich Sviblov,Russian,1980,1,Vladislav Vladimirovich Sviblov,sanctions,1980-01-09,strong,100.0,strong|sanctions,6,individual-person-with-significant-control,alias,A,348181,Q110611694,
04818143,Igor Vladimirovich Zyuzin,Russian,1960,5,Igor Vladimirovich ZYUZIN,sanctions,1960-05-29,strong,100.0,strong|sanctions,6,individual-person-with-significant-control,canonical,A,243163,Q4194951,
04833150,Oleg Deripaska,Russian,1968,1,Oleg DERIPASKA,sanctions,1968-01-02,strong,100.0,strong|sanctions,6,individual-person-with-significant-control,canonical,A,228113,Q315514,
05716547,Nord Gold Plc,,,,Nord Gold PLC,sanctions,,strong,100.0,strong|sanctions,6,corporate-entity-person-with-significant-control,canonical,B,466856,NK-kUFynAQLrnwv8xGnPRs8ZC,
09083410,Murtaza Ali Lakhani,Canadian,1962,3,Murtaza Ali LAKHANI,sanctions,1962-03-08,strong,100.0,strong|sanctions,6,individual-person-with-significant-control,canonical,A,479192,NK-355Sbv9ZUXJLakBMDPJHk7,
14919691,Abdul Rahman,British,1966,2,Abdul Rahman,sanctions,1966-02-02,strong,100.0,strong|sanctions,6,individual-person-with-significant-control,alias,A,52538,NK-kFyhR5rrzjLsExPBReQ3re,
05167546,Andrew Booth,British,1957,8,Andrea Booth,pep,,weak,91.7,weak|pep|90-94.9,1191,individual-person-with-significant-control,canonical,A,336180,Q113572620,
06528953,Mark Williams,British,1973,3,Mark Williams,pep,1966-03-24,weak,100.0,weak|pep|95+,3131,individual-person-with-significant-control,canonical,A,134359,Q266357,
06836253,Mark Jones,British,1972,1,Mark Jones,pep,,weak,100.0,weak|pep|95+,3131,individual-person-with-significant-control,canonical,A,270124,Q91934623,
07525834,Dinesh Patel,British,1967,5,Dinsha Patel,pep,1937-05-25,weak,91.7,weak|pep|90-94.9,1191,individual-person-with-significant-control,canonical,A,72312,Q5278713,
07811530,David Taylor,British,1962,2,David Taylor,pep,1985,weak,100.0,weak|pep|95+,3131,individual-person-with-significant-control,canonical,A,70191,Q126937373,
08023813,Patrick Sullivan,British,1977,4,Patricia Sullivan,pep,,weak,90.9,weak|pep|90-94.9,1191,individual-person-with-significant-control,canonical,A,253054,Q101413237,
08764433,Dale Smith,British,1940,8,Alex Smith,pep,1943-12-02,weak,90.0,weak|pep|90-94.9,1191,individual-person-with-significant-control,canonical,A,28817,Q12720234,
09134453,Conor Murphy,British,1991,10,Conor Murphy,pep,1963-07-10,weak,100.0,weak|pep|95+,3131,individual-person-with-significant-control,canonical,A,30785,Q578710,
09311835,Gavin Robinson,British,1970,2,Gavin Robinson,pep,1984-11-22,weak,100.0,weak|pep|95+,3131,individual-person-with-significant-control,canonical,A,405345,Q5528262,
10087282,Amjad Khan,Pakistani,1983,12,Amjid Khan,pep,,weak,90.0,weak|pep|90-94.9,1191,individual-person-with-significant-control,canonical,A,268699,Q118390892,
10090953,Mohammad Iqbal,Pakistani,1973,2,Mohammed Iqbal,pep,,weak,92.9,weak|pep|90-94.9,1191,individual-person-with-significant-control,canonical,A,111088,Q55469195,
10223511,Andrew Smith,British,1983,6,Drew Smith,pep,,weak,90.9,weak|pep|90-94.9,1191,individual-person-with-significant-control,canonical,A,223735,Q1258767,
10275725,Michael Moore,Irish,1957,7,Michael Moore,pep,1965-06-03,weak,100.0,weak|pep|95+,3131,individual-person-with-significant-control,canonical,A,58394,Q333446,
10332823,David Davies,British,1962,3,David Davies,pep,1970-06-01;1970-06-26;1970-07-27,weak,100.0,weak|pep|95+,3131,individual-person-with-significant-control,canonical,A,436672,Q296797,
10829130,Richard Francis,British,1986,6,Francis Richards,pep,1945,weak,96.8,weak|pep|95+,3131,individual-person-with-significant-control,canonical,A,228161,Q711639,
10884767,Richard Fletcher,British,1977,9,Richard Fletcher,pep,,weak,100.0,weak|pep|95+,3131,individual-person-with-significant-control,canonical,A,171288,Q118985304,
11193335,Jack Jarvis,British,1993,12,Jackie Jarvis,pep,1968-09-14,weak,91.7,weak|pep|90-94.9,1191,individual-person-with-significant-control,canonical,A,400599,Q106616061,
11659702,David William Moore,British,1965,1,David William Moore,pep,,weak,100.0,weak|pep|95+,3131,individual-person-with-significant-control,canonical,A,219633,Q135092522,
12087056,Dylan Evans,Australian,1989,1,Dylan Evans,pep,,weak,100.0,weak|pep|95+,3131,individual-person-with-significant-control,canonical,A,285665,Q118523636,
12096926,Joan Taylor,British,1947,5,John Taylor,pep,1937-12-24,weak,90.9,weak|pep|90-94.9,1191,individual-person-with-significant-control,canonical,A,317070,Q333991,
13604380,Joan Doyle,British,1968,12,John Doyle,pep,1945-01-04,weak,90.0,weak|pep|90-94.9,1191,individual-person-with-significant-control,canonical,A,314730,Q6230056,
NI639632,David Allen,British,1976,5,David Allen,pep,,weak,100.0,weak|pep|95+,3131,individual-person-with-significant-control,canonical,A,238837,Q125958275,
SC263823,David Drew,British,1950,7,David Drew,pep,1952-04-13,weak,100.0,weak|pep|95+,3131,individual-person-with-significant-control,canonical,A,329378,Q728653,
SC467986,Paul Kelly,British,1976,9,Paul Kelly,pep,,weak,100.0,weak|pep|95+,3131,individual-person-with-significant-control,canonical,A,145252,Q135033390,
SC547261,Amjad Hussain,British,1952,2,Ahmad Hussain,pep,1981-11-09,weak,92.3,weak|pep|90-94.9,1191,individual-person-with-significant-control,canonical,A,105799,Q18637467,
SC572006,Drew Murray,British,1992,7,Andrew Murray,pep,1947-01-29,weak,91.7,weak|pep|90-94.9,1191,individual-person-with-significant-control,canonical,A,231060,Q4758092,
08052373,Sami Hasan,British,1971,3,Samir Hasan,sanctions,,weak,95.2,weak|sanctions|95+,293,individual-person-with-significant-control,alias,A,448840,NK-fuMkYCzaGYR8EXtjN9qRYV,
08950573,Wei Zhang,British,1974,2,Wei Zhang,sanctions,1952-09-16,weak,100.0,weak|sanctions|95+,293,individual-person-with-significant-control,alias,A,294421,NK-VUaMZz8CegpjGRzKFidoLy,
09364674,Zafar Iqbal,Pakistani,1987,8,ZAFAR IQBAL,sanctions,1953-10-04,weak,100.0,weak|sanctions|95+,293,individual-person-with-significant-control,canonical,A,297622,Q43388596,
09696431,Abid Khan,Pakistani,1981,4,Abid KHAN,sanctions,1982,weak,100.0,weak|sanctions|95+,293,individual-person-with-significant-control,alias,A,95074,NK-kAAZX6HaWssud4HWqhuhiD,
10490100,Shahid Ahmed,British,1987,3,AHMED SHAH,sanctions,1981;1985-01-01,weak,90.9,weak|sanctions|90-94.9,230,individual-person-with-significant-control,alias,A,34434,NK-WotgsdUqSFHsQxrUipQ3RZ,
10635084,Mohamed Salem,British,1985,7,Mohamed Salem,sanctions,1981,weak,100.0,weak|sanctions|95+,293,individual-person-with-significant-control,alias,A,331905,Q8058697,
10831142,Nazir Ahmad,British,1965,10,Nazim AHMAD,sanctions,1965-01-05,weak,90.9,weak|sanctions|90-94.9,230,individual-person-with-significant-control,alias,A,44642,NK-Zyiui4dU6xgisrPHdgDeWy,
10840421,Shahid Ahmed,Bangladeshi,1966,12,AHMED SHAH,sanctions,1981;1985-01-01,weak,90.9,weak|sanctions|90-94.9,230,individual-person-with-significant-control,alias,A,166246,NK-WotgsdUqSFHsQxrUipQ3RZ,
10851701,Abid Khan,British,1981,10,Abid KHAN,sanctions,1982,weak,100.0,weak|sanctions|95+,293,individual-person-with-significant-control,alias,A,184369,NK-kAAZX6HaWssud4HWqhuhiD,
11296884,Arfan Ahmed,British,1977,3,Ahmed Kafan,sanctions,,weak,90.9,weak|sanctions|90-94.9,230,individual-person-with-significant-control,alias,A,360677,NK-QS5gzc5gwTXFLYK5YcNwiU,
11656362,Samir Hassan,British,1989,4,Samir Hassan,sanctions,,weak,100.0,weak|sanctions|95+,293,individual-person-with-significant-control,alias,A,194855,NK-fuMkYCzaGYR8EXtjN9qRYV,
11680413,Saleem Ahmed,British,1974,6,Ahmed SALEM,sanctions,1948-02-01,weak,95.7,weak|sanctions|95+,293,individual-person-with-significant-control,alias,A,405910,NK-aVMuxiZUWpCm3HoTG6PZ7A,
11836547,Abdul Rahman,Pakistani,1985,2,Abdur Rahman,sanctions,1965-10-03,weak,91.7,weak|sanctions|90-94.9,230,individual-person-with-significant-control,alias,A,300853,NK-WuX9jdaAREQnYKtF89FB5S,
12219894,Adam Khan,British,1999,10,Adam Khan,sanctions,1970;1971;1972;1973;1974;1975,weak,100.0,weak|sanctions|95+,293,individual-person-with-significant-control,alias,A,27572,NK-jdVwmWmTN9SHMCTwKpehsH,
12264084,Abdur Rahman,British,1984,5,Abdul Rahman,sanctions,1990-03-03,weak,91.7,weak|sanctions|90-94.9,230,individual-person-with-significant-control,alias,A,28033,NK-Dj5FWSnnE7uHn7okya5VPq,
13192531,Akbar Ahmed Ali,British,1985,9,Ali Akbar AHMEDIAN,sanctions,1961,weak,90.9,weak|sanctions|90-94.9,230,individual-person-with-significant-control,alias,A,454087,Q80927133,
13199161,Ahmar Shah,British,1972,8,Ahmad SHAH,sanctions,1981;1985-01-01,weak,90.0,weak|sanctions|90-94.9,230,individual-person-with-significant-control,alias,A,483175,NK-WotgsdUqSFHsQxrUipQ3RZ,
13515230,Abdul Rehman,Pakistani,1989,9,Abdul Rehman,sanctions,1965-10-03,weak,100.0,weak|sanctions|95+,293,individual-person-with-significant-control,alias,A,245249,NK-WuX9jdaAREQnYKtF89FB5S,
13630740,Fasal Abbas,British,1978,8,Faysal Abbas,sanctions,1955,weak,95.7,weak|sanctions|95+,293,individual-person-with-significant-control,canonical,A,261425,Q5439107,
14341495,Abul Hassan,British,1995,5,al-Hassan,sanctions,1963,weak,90.0,weak|sanctions|90-94.9,230,individual-person-with-significant-control,alias,A,40440,NK-edb4QpwXo3iRpmZggFKAYS,
15063705,Ali Malik,British,1950,12,Malik Ali,sanctions,1956,weak,100.0,weak|sanctions|95+,293,individual-person-with-significant-control,alias,A,474187,Q128123195,
15084435,Ansar Ali,British,1995,7,Ali Ansari,sanctions,1968-12-26,weak,94.7,weak|sanctions|90-94.9,230,individual-person-with-significant-control,alias,A,442830,NK-HQCiUW9iMXrPCKVMQx5SKh,
15093885,Haider Ali,Pakistani,2003,10,Ali Haidar,sanctions,1962,weak,90.0,weak|sanctions|90-94.9,230,individual-person-with-significant-control,canonical,A,486434,Q2646694,
15121825,Muhammad Ahmad,British,1979,6,Muhammad al-Ahmad,sanctions,1961,weak,90.3,weak|sanctions|90-94.9,230,individual-person-with-significant-control,alias,A,445416,Q60575926,
